HashOwner,HashApp,HashFunction,Average,Count,Minimum,Maximum,percentile_Average_0,percentile_Average_1,percentile_Average_25,percentile_Average_50,percentile_Average_75,percentile_Average_99,percentile_Average_100
9600d8ea0d18856a6f1fa5672306ef55afac8b5e32e956579ab0f1a8c347bf4b,b58fc0a0f39c45c5f49fbb0239646598f5ebf2514eb4adc08c2ae02d362c22bf,37b5b44a20f118f26bafcfe8905236218dbb23c4c0dea3988b0122966dcdc2ef,100.0,57523.0,99.0,101.0,99.0,99.0,99.0,100.0,101.0,101.0,101.0
e333879ea4145125a9e4fd3e202af49410d8fe81983d637eefbc8d0b8d722171,858120e91da58c267679183c8c2b0b65b54839a36318304f594109485da05d73,3087576c57aaf083cab78f15461f8efce6607c2facd3e54f425072a3b2506708,100.0,57523.0,99.0,101.0,99.0,99.0,99.0,100.0,101.0,101.0,101.0
fca2310ccf911080b19d6e90e80e63e4afdecb3ead06a09bbb3832558ec368f3,f3676eb37576dc5aeaacce9267aa0fc4360ec1e437cf2404a638c57dee55d89a,9ae854de13d40bb9082cfcc9cf9d5832431b5a532ec3d6f56a7705efaa58e8d9,100.0,57523.0,99.0,101.0,99.0,99.0,99.0,100.0,101.0,101.0,101.0
c91e30a843dfce0beadf2b658d0dee6f346b8c7d97eeb01b15a710e16dca41d9,07457ad647bcb99507cd7e558946aaba4579a8054421e0623f6872a9e32182e5,e85a8260e660d9b5c19360f58d9c6fa99f95d13f9ea82e43ef1017b20fae1699,100.0,57523.0,99.0,101.0,99.0,99.0,99.0,100.0,101.0,101.0,101.0
4a8c839c302c9e4c597dfa52c8ef8db10d082dda343c7792e9b24b3649c029bd,f0e069c2ee97e2e26804686df4dae2e58ffaf5050ca4c84cd55fadeae95429d5,5c598d0743ce77f43d6924465a037e230c59102c6e3764bc08b928fec26d4bcb,100.0,57523.0,99.0,101.0,99.0,99.0,99.0,100.0,101.0,101.0,101.0
1e5f2b93256d76bafd67be173abf7aad87a405927a7bdfedd05c17b95e3375a8,835a41a01d9790393487097b456e1efc14f1af9f0dc51272728beaab4503a07e,2a2de38db4cc19a5fce3ea9ce392ba985fd9dce865a7d439c7bfa503f9b9bb90,100.0,57523.0,99.0,101.0,99.0,99.0,99.0,100.0,101.0,101.0,101.0
0ea8be71eb59c76830101f59f49cb887fde3c77df381cc854e935f29941ea160,90c86e428ac1bf2dfc3417cb9b6be7fbdcf793f2d2abef984fcb107b3379d923,d7a58e235b0a96b212a91575aee078f5c235a8598c6510710b7a7018904077b9,100.0,57523.0,99.0,101.0,99.0,99.0,99.0,100.0,101.0,101.0,101.0
02efd0a1e4add95efc825c128f60380d488aebaa5655ee2ff5ca81dfbc5f4362,a9ac29f04a93596106f581a6c6eaeedc2e0dc8514c10c7a94085db9e63a8eb98,7472df890869186c3a8d1359f2645c8a7567db39a68bc6094bf40e7384207e3f,100.0,57523.0,99.0,101.0,99.0,99.0,99.0,100.0,101.0,101.0,101.0
a503a70be4b0a3c60eefb64e763be527e5bc812db830b1c165aa73fb29be551e,064a08f4586a62b539042e08348c6ab5d316b51fa5cdc63710490b1e3772c99a,d510ee451b72401d226dd6c823be29eb106d9b52a989301c08ada5b3ad5413d8,100.0,57523.0,99.0,101.0,99.0,99.0,99.0,100.0,101.0,101.0,101.0
240e2630b11a2a92f624ad8976bc3b8a151a735f62c25df0e9ef6db26ac614aa,4df5177115942bdb51acdc5a5c13067d597f05c2cb170ec49753782c8480c3ad,6d433637d1e5ecf2f34a2de840f21d717b95977a3f8f729870963c4c55586875,100.0,57523.0,99.0,101.0,99.0,99.0,99.0,100.0,101.0,101.0,101.0
c21e5054a535517fafc56f185449e08d332c2e9287d6f33cfce5d72b42033c3e,e9074dab7d9e7ecc1cbd0245012f7a80a905d72f6e24d09b3b3d0c1d8137b3cb,35196c9a3cee4e22d988206fbd9c69327d752d7e77c145cea2a4c5babd743855,100.0,57523.0,99.0,101.0,99.0,99.0,99.0,100.0,101.0,101.0,101.0
30a876e80855f9f46187a876eb5d2d39a93fb3d1b9f31eb7d3b2859ee5a90ab1,8f044447f82ae4606a5762193ff61b14dbf25e24a816197e01a73fd8eba1a93e,7ea6943a3283f724c12c50663db0f70b1f95d21e3966c2b10f1256c53053852a,100.0,57523.0,99.0,101.0,99.0,99.0,99.0,100.0,101.0,101.0,101.0
ea942f438bcc45a8e026c84d50ec7115c1491a5c0219b201b3345304dc0a8976,a84bf1f761a125f96352e38629a75144992d0ebdace85f9eb8c17c6c2c1f4881,64ed5f699bdba800098055d974043d9aa0ad9783013ff4ad4a305b5d8f0a9b55,100.0,57523.0,99.0,101.0,99.0,99.0,99.0,100.0,101.0,101.0,101.0
b602a90cb8ff998be304c3b3c0d755ae638062ca83dc4fe237cda67a2a1899f0,3d7322c54ad4c156f573c247ae7addef21e87b588712204d439465358c03d3bf,6641a525ff49a5a47695d10f2347760569aac6a94b442ecd0b9527f9367d67b5,100.0,57523.0,99.0,101.0,99.0,99.0,99.0,100.0,101.0,101.0,101.0
97cac0576c1545d895cd50cc96835fce3d43b42caa42c32a9b3814bd678ab96a,b20f1f81af25ddcc12132f8185c60a6b7171d60695d9eda0236808ca68a3f187,f0b843dffb726230cdd2a1460e92ce25d7964cbad920609d670d71a6bfdaff6b,100.0,57523.0,99.0,101.0,99.0,99.0,99.0,100.0,101.0,101.0,101.0
9f0c09fc065ea484418928bd5c77fa66383fe672449fb6f9fa1bc88162294279,6cc5171af55c170c1fb732b85ca7120a6b5d9d4929bc28feefeb4821b230d529,baf710add7ae105a369dd4aac18105bd1909aa3a5ee44b628d217bb8bfec793c,100.0,57523.0,99.0,101.0,99.0,99.0,99.0,100.0,101.0,101.0,101.0
a13876e7f5f1150478cae3c59d1924a385e62076dcc68970cb55df18ab72c969,0d5134c5b914e413573a538688676d188b6acf2b2d090253757029a816f87cfc,0f6ad4a21372a0c1c319392c078c4eb047f709fb795876869258aa3474b6e191,100.0,57523.0,99.0,101.0,99.0,99.0,99.0,100.0,101.0,101.0,101.0
6c10326cf10b75d6fd0a586d896d195e1ad7ff52d20bd92342783b550e45becf,8ce7938e8939815e83e5a6b8db0eab6ae6e103a1772f8de9c5115d171db6d251,385b673840001e318e7be10fe52c60d3391d92199d00c90eb601cc3fec223070,100.0,57523.0,99.0,101.0,99.0,99.0,99.0,100.0,101.0,101.0,101.0
6c3d59649e35dbb123096085713161551af4fd6da6396ae73e9fb5da0c7d68db,215f4b669020102ca54d8a5d7f6bf45fd25bb2a90ce9dc6f37784518c5936e72,e4c9b86e49fc4881785f57664c7080bfe0cbf49fb876216af1214f227685cb15,100.0,57523.0,99.0,101.0,99.0,99.0,99.0,100.0,101.0,101.0,101.0
cfba776c81103080119c74c578b5607a59416bc3363f52627f85aae80546077e,9419f11c20c6043c1591ecce56e8cea6301e1c0a582b22066526c09213e91964,e975d822ac93a2cdeead8eec4978520cdaaaec6a85612f839fdc854ce6475b38,100.0,57523.0,99.0,101.0,99.0,99.0,99.0,100.0,101.0,101.0,101.0
ab7afd7b4089648053a27af9ccc9f1e9a2a7c44a74afb6f1fe7424173a39b877,9e2cf6ee9c55c02e1f9d2e3cf78f9c9363a56bcb85a3d6f6a2702d6934248dfc,182c44f29d261f67e970881c0a8d950d44011aad156a68f30e6d27f59ec5b119,100.0,57523.0,99.0,101.0,99.0,99.0,99.0,100.0,101.0,101.0,101.0
efd511e7a6bb48fbff316406582068e230ca1ce80e7bfa67cf2e398acd43cb35,7bd7e2bf570cbfd6ebd72c628aa8bff1fc9627b8052d8960fd94609af575d663,cbb155892986a500d75907ab964bf26e67caee4e2fee16607e5e36a558c7c07d,100.0,57523.0,99.0,101.0,99.0,99.0,99.0,100.0,101.0,101.0,101.0
f96e634eb2b18b9b608122195770dcfe4cbc000ee90e5c967940cb71cec002a5,731cb2669db506b18bfca33c1fe8f63a1bf8ed671bbeda51cd18ad783d2853eb,07f58313aa95ffc4d64c9a6a8967a8a6adb416d6b2caf430c21b22378af1e525,100.0,57523.0,99.0,101.0,99.0,99.0,99.0,100.0,101.0,101.0,101.0
78c343d753f256685bb340a88fd8f9b3573dff1de641a0dcd6daad0992cd8f99,5ac703b73c911d468cb643b8ac045cb1b744e6010e8e855929d2070a3ed69ea0,4b47dbc47e9b424def502945d932a760c4f142c2d0a30e851c429174d6bce88e,100.0,57523.0,99.0,101.0,99.0,99.0,99.0,100.0,101.0,101.0,101.0
d61f941f624ea4a33f5f76f2b0ed748d382b56e518ed2e900c6fd63905d92b7a,ba35a84448835efcc4539208989259c90935737e010d3d8e2293f97c4ab8ba72,46282419a9fe625d1dfbc4a86465ecdf89742964a116978cb459bb0c6e82793b,100.0,57523.0,99.0,101.0,99.0,99.0,99.0,100.0,101.0,101.0,101.0
d61f941f624ea4a33f5f76f2b0ed748d382b56e518ed2e900c6fd63905d92b7a,ba35a84448835efcc4539208989259c90935737e010d3d8e2293f97c4ab8ba72,d666f873289af339842ec02fc2c984077f78dea7c7c23aac034b4c33492c8557,100.0,57523.0,99.0,101.0,99.0,99.0,99.0,100.0,101.0,101.0,101.0
8c221906a641b9edb97de8a063644d1dd14413d937ae6b335c6dc1f39afebe01,a276948d19284f11116c5c7b384d40a1f711e8a3842a6eae75e4957e2436be7b,6f4cfac06dcf33012ed7a81dd70f35507e348d6b1d337507385aef8c890e81ce,100.0,57523.0,99.0,101.0,99.0,99.0,99.0,100.0,101.0,101.0,101.0
165020cb56647dbe09648da8ac27c6ab8091de48ba970a06bbcccb3e5cab7fbd,1201344c9805035124725c3b5113b00b197fe9c9acf3fe10eee3fb03cf813545,7b80158ce68678bfe20483fff2d9fa16498b4315778dd410d63d3e4f98a21c1f,100.0,57523.0,99.0,101.0,99.0,99.0,99.0,100.0,101.0,101.0,101.0
6b0e8f7e365dbf31fd3876c4a6af805a299c4a391d49b3937314453d4fd10874,896e4afbea0a739c64ff343850e76ebde14bb693cb847992ce40bba868c2c145,2db2c2e0bdd12a51938841860683879f10fee466a186a4c2af249906bc66f9d7,100.0,57523.0,99.0,101.0,99.0,99.0,99.0,100.0,101.0,101.0,101.0
14a9dcab295ce83ab3ef0bc73cf1e6d3c1241007067bda7bafe64c3f6877baaa,36119464191480d8182c3431ca6d11688d6d72b50b6f72ec81d8f2ed9cdeb7c2,d2feb9b9d434e30df24e30888d819b1913a2871bfb28c9f9aedf7f142f336350,100.0,57523.0,99.0,101.0,99.0,99.0,99.0,100.0,101.0,101.0,101.0
f96e634eb2b18b9b608122195770dcfe4cbc000ee90e5c967940cb71cec002a5,731cb2669db506b18bfca33c1fe8f63a1bf8ed671bbeda51cd18ad783d2853eb,99688b525d1b44ae3d3e13151d1ddabcc7b6c44d20e5180d9d86a9000bbd74c1,100.0,57523.0,99.0,101.0,99.0,99.0,99.0,100.0,101.0,101.0,101.0
06251669ac5f2e14073bdc770578f97085cb4a623838a7a530b91351170d02a0,c0dbf8fb69a23368affc2747834d6dfab9cdaaa7e1dc3a28d0c9888c12b89b81,64ffa759cc1fbcbd935b96d1f6b182ebd12f648a6a9783eb7a676f18ca86b98b,100.0,57523.0,99.0,101.0,99.0,99.0,99.0,100.0,101.0,101.0,101.0
30422a46bef1badfbf433ec88f7b93b6c0b4468ed03a646c342bcaed867d6034,bdf65506ab689c4d81ff909c6a021d77163b0e616fa4cefc8b61443827dfb443,c1343fb5b3b7294034c8170c1717f0c22c6e6f858d00055db8f15ade216ddcab,100.0,57523.0,99.0,101.0,99.0,99.0,99.0,100.0,101.0,101.0,101.0
23585e5c9ad9d7de0016aee0cae0ef9339aa943e635a0d61af082dbfe4688c40,467ad64fd56f2c60960452f5dac6eb724ff239e34acfc0093754717eb568d014,3b8f714aae9291461911c14407cfb34d72d3a1e76e7915e43f3e1a9a10bb5802,100.0,57523.0,99.0,101.0,99.0,99.0,99.0,100.0,101.0,101.0,101.0
f4d40f8b2840cab29e37e27533832a01698ca3002f23263522327a811a146787,f752aab398bdab27511f9015253cd4302b0d79c3ede2d27ebd0f88af00ab59f2,f59c19f3f56817640a15c64892eb3f6a3107f16ceb3995b0b328ab24d29645e8,100.0,57523.0,99.0,101.0,99.0,99.0,99.0,100.0,101.0,101.0,101.0
8498bc418be50ab1504d243536eb680eb4831e115a10610c2745dac73940f3f4,166ea514b61505e2a36e07c142e1989d6deb77407c6623623a4d586c4a3e7197,4de62c69d114d67831a8f61dd35f370b72dbfeb923466723b351472e41a96fdc,100.0,57523.0,99.0,101.0,99.0,99.0,99.0,100.0,101.0,101.0,101.0
d906c244adc52b6fcb91495f0edf4841d67e0e257c90f4b140e5dc883644c097,d0c0307ce95c64bc5bc716aca3be6d75362001f49340eeae14c16eb17d0df249,a6b82195c5ff2c9ba59953c48ffe25d9ec092fb4874e0c3b23db18cc53c281d5,100.0,57523.0,99.0,101.0,99.0,99.0,99.0,100.0,101.0,101.0,101.0
775bb979b6fcd3707d650eddc52515a21ee51f4f985311433d58cedec03b34af,ae4362fc0a9851595501b6f76ecf50482e24d9f42617be7a2c88edf4c8a00a3d,4a6e47384ee2f456491382a968541304288d362087d08f97659df2cb4c6f6103,100.0,57523.0,99.0,101.0,99.0,99.0,99.0,100.0,101.0,101.0,101.0
7acadb310f118ef21fec404097b3c6ab094cc949e922c7c12acc9f77b0ab22a0,d6c57e141ad0f564842c925b294ecaeee27cc45e9e40b751c49dbd6f08473aa7,3036a9d0dd2d44c4de43dce4c112d0e8ef9ddd449a16ad51d5fae474f0f1dd29,100.0,57523.0,99.0,101.0,99.0,99.0,99.0,100.0,101.0,101.0,101.0
f9910680e3dee7747b3a51f59e3e3b51b149f1faddec8229675d4bd5c5cddf9b,4f46c0851060a8b250d2c134d4162cde4d8592b398a8d7f249c6f772898d1c5b,86fb81a3c2e5c8d2abc062830b477055c89b20c81aa356e11599b31e369ebaa4,100.0,57523.0,99.0,101.0,99.0,99.0,99.0,100.0,101.0,101.0,101.0
d058802bb738328e826d44f3109c9dc525cae4c8b69d9b4f43b6a3ff26920470,e2a63dce97a67bdb3571d66173b9c0b8a9befc959b1ca00c4eecad593a89ddbf,53978ebf61fea008c119eb735031422bc9cb56022639c08985e85eb59f2c8241,100.0,57523.0,99.0,101.0,99.0,99.0,99.0,100.0,101.0,101.0,101.0
eb95ddd0d6c8192b4ffd80ecc3e2e01aeb24eef7c20262c26ef6a3f34ccbd7cb,7b1138bdfbf2106f2a5e58f01693e8e63f9526e38665b6ace1a0a23d056e1393,b2d292a8c89750454cd027cbc3a51d119000d4e6d4fbfc2b69f38e4a168fb553,100.0,57523.0,99.0,101.0,99.0,99.0,99.0,100.0,101.0,101.0,101.0
72bdd4beee21ea6e72824d7b5b5536c3a6c728d20ecca919dd0b1e9664c7218b,8cc5300fd53a5277e1d81b7bb69e2e78c9bbd8d17f16fba8298b68127e7d3479,11cacfb706bb031a172aa9e1dd3eb8e0b0b5b4d5218c0f843161b1bf9f735898,100.0,57523.0,99.0,101.0,99.0,99.0,99.0,100.0,101.0,101.0,101.0
1cf21fbbf887a27b74364408336962f3cdb9f03bb49085cfc19b368d3d17e720,af9a1d48a3d6a9a5b6da7bd0bfb458c1c74d4990ba3eb9fc517d44098a548ec2,da7077f90d9eed4ac68fe70d46e2da82883dbe32696bb9194690c4f65c584d41,100.0,57523.0,99.0,101.0,99.0,99.0,99.0,100.0,101.0,101.0,101.0
52ca2abb2c7d0464eb2029bf916e3690101405232e1182d4192dd6deb4190314,5c956aeddb49fa66f17f869b76250c5ff320ef0739598801e44ead10037bf24e,f669c9b3a576cf77cacf779c3f8c2bcaa58b5f14ccca0da64d18b6682ea9563c,100.0,57523.0,99.0,101.0,99.0,99.0,99.0,100.0,101.0,101.0,101.0
a1d2950a826677b5acc09c7508284629dc23250f2a3f84de4c996bd6afdf919c,92dfaec2d41ea9e05eb19e95d9446eeebaa9fa59ee1d0c53676d686353fdecba,b8286349c6450f9a6733ab89cd574771abfc6e44e9b304edfc919f6f38fce148,100.0,57523.0,99.0,101.0,99.0,99.0,99.0,100.0,101.0,101.0,101.0
2c18dc9ddbec315527f3ed6109f064fda7e7baca0bd60e0cdee71362c9cf60e2,23237fa7c519a4ca63aeed44db287ba55489a38efe259d86c15b51ee97c79ecf,ff6c27268cd1a532c8f140589d76507aeac29bc4d0a2d79a63420824ca66b176,100.0,57523.0,99.0,101.0,99.0,99.0,99.0,100.0,101.0,101.0,101.0
d058802bb738328e826d44f3109c9dc525cae4c8b69d9b4f43b6a3ff26920470,02f193f1d3b2e6c5d3f4b54597b7ee2e6ad06fab28c7a00db59f55b7aa0a8d81,4b56322e27914552a6ba25d75b61644534289c8a2c55183f75b7fa423e5e7a6c,100.0,57523.0,99.0,101.0,99.0,99.0,99.0,100.0,101.0,101.0,101.0
52321a751bef4b4cb974ccf9936047da7939d3e0fbc8d65f19cf3a4581eea5da,e758308325b346db631103d2c5b76e35c51e3bec461cf1c25a6771cc7142d5f2,a2d1b29b283a290013ff077d98a1f96a1c91ff0f38551e163250d1712e2d4ba9,100.0,57523.0,99.0,101.0,99.0,99.0,99.0,100.0,101.0,101.0,101.0
e931e27b09cec31477ca3116a6e557d8c8209c6220b5ce7c01255c586804cd48,5b40d67921a383a82f5a5534c954fd0e8ea0a98c77a5b817e325a04de3ae2e68,cd3c172a7ad9f3c00c7bd55a78b71de9a24f7ec5675c12a000296d6c1974d616,100.0,57523.0,99.0,101.0,99.0,99.0,99.0,100.0,101.0,101.0,101.0
e94c18c60ed66a41779adc24a659bfcde6969a08dbf2cc270b972877312aa8ef,40a11d11ec8e34b34462304ed97168acf673679027cedcf5c2c01f955e7e8026,4272b7c74ebc5526080d92bd81e0d926452ab768c6e42658862fd55ed210c002,100.0,57523.0,99.0,101.0,99.0,99.0,99.0,100.0,101.0,101.0,101.0
4c1f2984bda6872027cdb182a8fbb059c25ec2ea2ae3a43ff2d57b719db0be2d,127ee2dfbd34efde36de38259b6e40e441dcb99bce64a477c090875a79ee63e6,b47507e195b3c8c280d0d04cc6e1965867e883289a75fc253234d41163b6d6f1,100.0,57523.0,99.0,101.0,99.0,99.0,99.0,100.0,101.0,101.0,101.0
2934b89aab55befcd2cd21fc5f42bef4f12821b7330ce929f1a41c8c579e01c9,ac37373632ce76b46d00ee0830cabb3a3d843a8ff1cccd100667b4b6ec0c92a9,bf138c0b0b097475e88a2173305e750954062c0b208be798c6d805c357a70f4f,100.0,57523.0,99.0,101.0,99.0,99.0,99.0,100.0,101.0,101.0,101.0
d058802bb738328e826d44f3109c9dc525cae4c8b69d9b4f43b6a3ff26920470,28452743500f62f12aaeec3ad42424819d61701d85779a10dc6015b058564153,d6b830388d83760b92beeee08606022782ec8e6275f233ee15f8bf53007de622,100.0,57523.0,99.0,101.0,99.0,99.0,99.0,100.0,101.0,101.0,101.0
2fbdd42b69abc701122fc47c7c1301b9ea0bc334474d4827dd8593fa774ff86e,cb2fb9a354c7e45749da2577b9caf65a7ab7fc5b01bb18b1edae10d8c3ce5d0b,bcf7e7f3b135381367d101f77f8e0585e2bd7997913ac9c7263cd3abe89e2b95,100.0,57523.0,99.0,101.0,99.0,99.0,99.0,100.0,101.0,101.0,101.0
abff8e50c901c7482a56781f7cb062caf0fbea8bba38e4c202ae3e29b3bb82ac,c33b81411bec95993e3a2d305478fa67f98c48eeee828aba46709fe8c087e754,b2eef8ea5dba8c05eea85bc837d74354ade8478d820bd71554729ebc66b08002,100.0,57523.0,99.0,101.0,99.0,99.0,99.0,100.0,101.0,101.0,101.0
8bf98b528af956d66b4aa83a9ae866f18b454ec7eca6f22244e9def6146a40f6,df0a85ee173160f998418d3fb3b3c13585fbec060621f80fa3a417f7e85cbb63,913cde166a84cb3e1a952dfd69efe931c395ac04b81bd0124de724b5f60510e6,100.0,57523.0,99.0,101.0,99.0,99.0,99.0,100.0,101.0,101.0,101.0
3f69e1e99f02a4e19307f6e4f46bfed5f800b29ad1ee11fa7ded3430fee0a464,a3bf753a5a6ce424997463849f1193c190465791b5a743699077325eb22c60e7,94ae0a6e7b2cde73115e0c2a9b27757dab603547921fa70d52e2b462e01370c7,100.0,57523.0,99.0,101.0,99.0,99.0,99.0,100.0,101.0,101.0,101.0
1e82fe99a8f5334179df931033e5d91fb38bbb5cc0553516e5264b7a3d3cd94f,482892868cd2ae0dd144842b47c7e94dbbe5d1efd8a4cb5d076a64750446cc79,9029779e88988fe86dbc0ca46ce6a8bb77796c45825eab55eb92136cb468e575,100.0,57523.0,99.0,101.0,99.0,99.0,99.0,100.0,101.0,101.0,101.0
f0417cb85bd1c751561867f042b6623bc7885e27669a11bc7f9a64dd7d3e4eb9,7d3abaf53878e7d482b299ba12aa7ddea41cf9c509f13f1f95be01b670795da0,79cb7732547495d2a19f4ca639872a6b8e1713b865d05ba3d1b6e75f11f6d873,100.0,57523.0,99.0,101.0,99.0,99.0,99.0,100.0,101.0,101.0,101.0
15b0709658399d207f915d89197845a7c9619e6bce323e782d56ba1fbf52e8e2,541cacdef41a43ba09a99ee796820ab7f7a2c0aa56d85d884decbc67e49730ac,9fcbb1f65b7a4ab879a8d859539143d7df744dc002064a1003dc71d4f13197ac,100.0,57523.0,99.0,101.0,99.0,99.0,99.0,100.0,101.0,101.0,101.0
7770498d108bbd395ef78d7b015138646a4d2360189017bb2005b57ddc8aa49e,57306ea8918aad5423bd2f6891b7899294f6b04baa2ce3afbf1459f84a91b15a,2439e79ea1cbf793d2004e6f9f03e057fc31a56d83cf45cf732460daee41ddf1,100.0,57523.0,99.0,101.0,99.0,99.0,99.0,100.0,101.0,101.0,101.0
13d0332049ec0acc582b5703892e1f9bb6715d46a9e3cdcac3dfed6b90446ec5,53e965d876a521ceb18b374c22e316f71f022a6ee0b989d85723397a91aa1d23,004adff1d5a426bd732cd134824c09d670ddc6a74bb77eb0aa438e5980d1b879,100.0,57523.0,99.0,101.0,99.0,99.0,99.0,100.0,101.0,101.0,101.0
06bb4e584e07bfaa66a43376f8f76d5be3906aa10f964fb24acbc76c244e0037,46b015b17d44b6b5f15c94f4b4505f9993d60a5e4032b31507498351239ff085,1864aed1c7d8fdbfbeb4540aa11c9f7adafab8767ce9cd6bd9909eb2b60ef391,100.0,57523.0,99.0,101.0,99.0,99.0,99.0,100.0,101.0,101.0,101.0
db045bb75fd723613d71ba70e9dc3c9e48565989a1dea7373cb5ecc0db067ce1,d8d673b1a774c392736f5883cfeb9aa1cce564e8841941f2cd9de8b4c1719ed1,9bae8feb100a8c3ccac7f45e225c2c8a76f0978a502f9a713b3263337b4f9745,100.0,57523.0,99.0,101.0,99.0,99.0,99.0,100.0,101.0,101.0,101.0
89099619345f8593ce2795c3e5842af7b82ddccdf66c50cc92d7bcc839e30898,042cf426467ff01ac89971424ab8d359ea443e28053efdbffed6ec8f3be50bad,b0646d7dcecb477ad5b29a993a26c243c83c3c2cbc0d69b3e9b7354c6a1a4032,100.0,57523.0,99.0,101.0,99.0,99.0,99.0,100.0,101.0,101.0,101.0
4eabe712f5f72734cbf87046fd23481de28afb719d71dbe920ef652db5fb5573,ca9c1e54e414962b76b36a91f1234d274ae796a93c791a5ed9c084e406f456eb,b994a25f7089c3526f3355e0ca8c83e5b98da9e2447e2a9465c57f745418b02e,100.0,57523.0,99.0,101.0,99.0,99.0,99.0,100.0,101.0,101.0,101.0
043f26684f3fe3f9d80bb818cb3e1d9a6fe4091f32871a97922aad22b0a6964b,9574efff3e7a2116364d65c3e3f153b4e5b289b65ba9f385444e6b26975f5307,44b3aa48ab5e26e5fccf0717e01e63357c33c19f1710149d83857d17ac3629b8,100.0,57523.0,99.0,101.0,99.0,99.0,99.0,100.0,101.0,101.0,101.0
2c26e9ae09d92ddb216b138dbb9fab3731fbd9e7ae9cb453c72a7b4dbaf162e1,b5fa46160c00ef0103cd1563e56672f7af5b34023523c01a39f043e1e1aac935,5ac20b11a9b94d80f60d6c0cf8660055f8126861bfcb4a172c555144cfeec1f2,100.0,57523.0,99.0,101.0,99.0,99.0,99.0,100.0,101.0,101.0,101.0
ccf51e739dcee171d7dc761377862013eddef063ec504312480a09d6344f8db1,ed6a23c1f68c8f3a8ce58a56ac39808948c1452cf6026117d2dcec26904fb0c6,6cc26783660ae5cb81bf4ab81a3e84179653e60a7133bffbab489c6c9e1a7427,100.0,57523.0,99.0,101.0,99.0,99.0,99.0,100.0,101.0,101.0,101.0
7af3bb5406d302f25079af17d1bbab50a16aaf2de266dbff34ef73bc2146b437,2379fdf6e0a2ae6f7fd0be0efea7e97cfb0c532ff66b6f1c2a49898cc37a13ec,b1352f3dd9fd95b9e7c0df9464a9e6378d11a3ba1770fcc176d5ec50945baed5,100.0,57523.0,99.0,101.0,99.0,99.0,99.0,100.0,101.0,101.0,101.0
d82104db40ba56790b85b79a898c77548193e1926a5077e4649cc4b3460f900c,bc211322d70f04197e28cb994396b3d1b0a751937bb221791c0b884225fc3710,6268bcf22f09e2664cb64ef18af160d3bbc9105550560d95ec3fdca31b1cd52f,100.0,57523.0,99.0,101.0,99.0,99.0,99.0,100.0,101.0,101.0,101.0
72f28acffeba7f2113d6a4b367239dbfeb9cf483473bd9fdb539d7b46e02a094,6445439a5bc80c178b1c1ebbc6d2571299837d4d5cccc1999b3c745beb4cd9c7,6992d803545cdce6a6a07f699a531e032315f9958aa68776b3440aa610a88491,100.0,57523.0,99.0,101.0,99.0,99.0,99.0,100.0,101.0,101.0,101.0
eb94c90ce9105dde9cc95446fc4ffe57d10b17b33d60a67663a4e8cf4d117459,0d5bd66a19a75364a20ad582f1cc055450c7e034b26ed81848654f879c84e565,d8477cb60db1e13b11a2c1468f772ffb534b0ed20e79895b055d9dfe77fe03da,100.0,57523.0,99.0,101.0,99.0,99.0,99.0,100.0,101.0,101.0,101.0
3202e38b0d5005b6b332026311fe8645a45e5ad61929251ef5b079e7d3bda6c7,37d1cd5eb7c02621b5f9ea07d6f5035e151ed7a7923b382e62171edd9e4c322a,fb88345bd80fbbd55a7dac5fcae82acc145561c2457138711fc69aa7b557bb7a,100.0,57523.0,99.0,101.0,99.0,99.0,99.0,100.0,101.0,101.0,101.0
bbeb1f0bc390e8fdbb5df04a912b8f5528c92b2755cc00291170f303aff46cb1,38dab86e96e37bee3101fe3b4cdf3b5f0328db9883282fc1b5c2db9b1aebb768,8fe9f2ae4fa78bd09c964cd754d90592c520c52eeb7909c1fb4933f27a4f8fae,100.0,57523.0,99.0,101.0,99.0,99.0,99.0,100.0,101.0,101.0,101.0
fd8a2430aa1d1b6fb9e059ff6268eabf8bbd77e68a6d5f38195a67820149b0ab,ead6d007019eeb194a900e73572e536aa814dda08552efbda8157de6e35e0a8a,326b0a304c0dc43dce757408d9570c09d66167e73a4dd2c426ed9e13f585037c,100.0,57523.0,99.0,101.0,99.0,99.0,99.0,100.0,101.0,101.0,101.0
dfd6812823e62bc0aaac00933fbb3cf4a00d1cb7bf152b5f60f66eab6d8e08eb,972d9fdf5ea5696374f818e0d91cd8071c5d0a6b60ab7787bc3c908057019ee4,c9792c23b194d195bb0c3931249d59eb4108ca2045f4a137f1907f0fb259de7f,100.0,57523.0,99.0,101.0,99.0,99.0,99.0,100.0,101.0,101.0,101.0
fd8a2430aa1d1b6fb9e059ff6268eabf8bbd77e68a6d5f38195a67820149b0ab,28d94f560a5029aa179440817734ef2b7b8bc186ccb76e1da562119cb6752e04,c1dac89b80e43970b667f4b7640b1e374fd10c096357cddd938a2242bc264b17,100.0,57523.0,99.0,101.0,99.0,99.0,99.0,100.0,101.0,101.0,101.0
af925451afe259cecf434bb3df2a992d25527d762d8575375490c6953a707916,3613c547e774c150ffbdb038e70848243173dcb85452f8f5cd4de0f532e19997,7a07b76f4fc02186fe4fa033b413f1281f52342329c622cc1c2785cd5d0bc292,100.0,57523.0,99.0,101.0,99.0,99.0,99.0,100.0,101.0,101.0,101.0
eb4576a988d7898e3322fc563fbb5af5a8e52ba1bd15c0f3a0f97ceeb2f768f8,00a53cc5f822c4c28317bbca24a2192675653cd3ce3940c1ca95f6152e20e4f1,baae88721e33ee77948ab2d04ae2e6d3f24c885e7055fa897a221b71e757ab0a,100.0,57523.0,99.0,101.0,99.0,99.0,99.0,100.0,101.0,101.0,101.0
fd7dd12308140e68836a90b6ff43d197a1f50e4331ff18cf779f705c3b1186a2,cb3aa8a44254b9863a41d967e62d1f5338a462c455e88a979f9c584a21ec276e,55508b1f7bdc5c77e8d67fab8c008f99a5b29c6bdd478b37c0888a2cd95c9c64,100.0,57523.0,99.0,101.0,99.0,99.0,99.0,100.0,101.0,101.0,101.0
95dc325a4a22f2d6368e04c54265752aad1ef0207cd08ed2ffa698403f3c30b3,8ff155ca64675790a6a328868b7034999001eea2227ada86db8235c6f94f9eee,b933b6af1d1445e853d2c927e692edea2ffb45cb598be36af5db1574f6c0f5ef,100.0,57523.0,99.0,101.0,99.0,99.0,99.0,100.0,101.0,101.0,101.0
312d564de8034c7343b64bcee2b3702865eeb563629957c78ab5ec4282ec15e8,eefaf77a362edab1382631482c8dd7091bff9ce35ca7ba06d424d15f367261ac,62f22febe66c4b5f945d1fd75dbc091f234db8c324c06db92bfb098a1717b8cc,100.0,57523.0,99.0,101.0,99.0,99.0,99.0,100.0,101.0,101.0,101.0
34288fe70afd055f9995983bd23fb0eb323c7cafa594b7688f92cf952b3ac78a,c2240cb6e5bcf36c60594d9a04e8a56b0d4d9ca0b493315948cab01306e0e4b6,17b5361f8f1936c3af2b97104f584da3287985db6b74d09a48f6a512c75fa6a0,100.0,57523.0,99.0,101.0,99.0,99.0,99.0,100.0,101.0,101.0,101.0
0b5324cdf73fc715c4f7df5eaedbcd65bd64ce0f4616d94f20ce8a083a09eccc,6beace901444e075ea558d39cb072702f8cc5dca5473cd10ef312ad17f4e3697,d757ceac7611676179785cd2d2fcaa388588d0a0e7da8a2541e932de80baac67,100.0,57523.0,99.0,101.0,99.0,99.0,99.0,100.0,101.0,101.0,101.0
5a188da878112f5e561cb799a8f8c139f842180697cc5c3aaeadd0fefc45906f,08d3a654794cf1c4b124c05b90f7a267d564a9fa8acbecdeb0342e4e55b412d6,b7c64bf8a681381d7c6913a75d1c58030fdf787c04b09ee79d425c972ab19989,100.0,57523.0,99.0,101.0,99.0,99.0,99.0,100.0,101.0,101.0,101.0
e7a45dfa4bd5dc243015b6b06ca0bdd78f1d41fcdb5cac3d4517f162e83c4377,a8f8115eb385d79d19b5273bc297e11f3ec8206d8d68a49e59e2a7b5fc7a5925,35db2bcce003a9cafa7198747aed531c485d658cfb55328d99f965f035f16d8c,100.0,57523.0,99.0,101.0,99.0,99.0,99.0,100.0,101.0,101.0,101.0
435402991b3d4f6fa58a142b1135b696621167589cee02ab80f732e63a17e752,9382c1aaa07f9e63efca184120ea83d18d5b976b1572ad22d908ab9e4d9aaebc,34ff74cd17b94e0948e550f0f592abb067300b4d0a562e2666330bedd4ad8b8a,100.0,57523.0,99.0,101.0,99.0,99.0,99.0,100.0,101.0,101.0,101.0
4c4084400b636cef78bc47a4b4fec09113af3d2a2776b35efb7b8d333d82dbaf,c13513568e49411ee9ecb1b14e329251b7742f9f4f6755db041ab7e6321eb718,ea482fd2e144d68cf18a6eb1dcf73fee9a0ad83cb791fafbbc5c64308e0fce90,100.0,57523.0,99.0,101.0,99.0,99.0,99.0,100.0,101.0,101.0,101.0
c5860f9bacc085a1bb1e7176f33b6ecd7504c38174b58a7d9f836fe1dc8453ed,539e986c9ef3871b2b07cb1ae1b21a99bef9d16b8a428878bd8d3ac918370a66,8d105c38a35f2319844097d556b5ec897d1fe4e078533b480f71dc4977d31b5f,100.0,57523.0,99.0,101.0,99.0,99.0,99.0,100.0,101.0,101.0,101.0
81abb59dd63e758666ab6bd93381543bd08a6a0b012560ca434f9daa1983a4ea,e99106750719547a912e643b058f0568fc20f03ab203e9e56f5cac81a7235a8b,bdd05ba01d1513a97d028530929087af35c8707bcc7dfd1687ebb489741c0bc4,100.0,57523.0,99.0,101.0,99.0,99.0,99.0,100.0,101.0,101.0,101.0
9a659da767220179c4f32c5abf0fe25acffe4be4ede6a3388d0b464af2c1642f,314b4e22a97c15adaee5baf4c933434e9734b439b0145e2a921613a90652215c,02e7e237644141f027bd0ea49983958c54e6ec09a5b298352fd5c68885d3edf3,100.0,57523.0,99.0,101.0,99.0,99.0,99.0,100.0,101.0,101.0,101.0
e66d525b0b03afec69f923e2a2e0c2bb6476d4d4ea29ab09dc45ddef51d06b31,11d8ead2e03f672be375efafcdca088433ca29b6e9ced39989cb8e71bfa2c974,eb919bc54f8f84ba295e3a5624517d1ebd3d6c85cdc69352f121834702e026d6,100.0,57523.0,99.0,101.0,99.0,99.0,99.0,100.0,101.0,101.0,101.0
fd7fc2b625581e420bbc6357a27f7dd2bb5eb97531dee13a923cd498b7b537fc,4c3dd558ebc880648bf92e7586c2129f19ed5e749defee2ea94c023c716bb15d,53183b674b2299cfc9eb1cb75dc9291971ff3bb708069479a764af065e70f469,100.0,57523.0,99.0,101.0,99.0,99.0,99.0,100.0,101.0,101.0,101.0
d26c003a444c8808f6102be1226b5c6d699f28c82943e59e1b23b749a541d74f,bbd3fb1cb6b6231d69d3f27eb38c36fb0abbce99f3ea0de100a47b1ecca4051c,ad2a9b37001410021acc11d3716b4cb4a02136477a2bb9709403e0f8da878dff,100.0,57523.0,99.0,101.0,99.0,99.0,99.0,100.0,101.0,101.0,101.0
9edb01447605394005664fc11c299d95f608c4b5a9ee3077fff8aa2903bc8147,aaac1885a327e11e8314a9593a45cb7fd31005407135a37a99dc5a0e2e9e89ca,f5075844195b9181425b7e033558f92dcf70f712b99dc93b8cb55a6054c0fbd3,100.0,57523.0,99.0,101.0,99.0,99.0,99.0,100.0,101.0,101.0,101.0
bb7899a68afbf3cb96081c06ab468e7bdf904c9757faa153e5dc3379aac4f409,0e1b75a2ff96fa1584080eabb88f82fd34edf1dfbf3fdff0d50a643544dda323,4417dd51558149917253a56600a2ba1000d0d9dd2eb831d9f6eb63ae08b2d4fe,100.0,57523.0,99.0,101.0,99.0,99.0,99.0,100.0,101.0,101.0,101.0
f92425b09ca258ceb7b6fa1698242eb2bfb06227494ea98bef83ad4e33ee0201,0d255b3bbb644c12363e9ed270f79c6fbff87f3b5c5d38f4f04e07f6282d0b1a,e52647e6ac60a627a80ccfd15f2d222535dfc8ecb3c70c3ce8ca7f222c662cbc,100.0,57523.0,99.0,101.0,99.0,99.0,99.0,100.0,101.0,101.0,101.0
8b4aca7fe8c8a3a837107f9ae56fb5799e2d68f1f4ccd406a3c78d4066693438,469b55c1e9fae9a1c4cce22545ce62ffe07f6cb9cdcbd8a018d613d5dd5d0a3a,81ca41d83bedfc486dd143dbf5bd03a740f6a86d7888052d774d4c95d869a942,100.0,57523.0,99.0,101.0,99.0,99.0,99.0,100.0,101.0,101.0,101.0
271197cdbccb789e73f09bbf24d1dd7d7f49503398b4ac8be692ed7faadd4041,9c1346945b7e5db92d9ae232ae98f4fd53a66cb250b1e9e3362b2e07e9572eea,943f39e2d973be5bf31207e76bbeb8c69239390a1e2f2aedd1ccf1b2068fc7ec,100.0,57523.0,99.0,101.0,99.0,99.0,99.0,100.0,101.0,101.0,101.0
5537222b33f7b59a0450ab88b8bffdbdf3d9307cf4359d0a74e022ce3ed74daf,4b05f738540108d0269b700201cb41e3999dec14099a475e348a0dbc76fa417c,398ff94a81a6eea8e999fb0f5831caa31e861d6426e7e3bb105ef14a412d957a,100.0,57523.0,99.0,101.0,99.0,99.0,99.0,100.0,101.0,101.0,101.0
ce7c8e242f1fd2c39ac500a64fdd10633fed6ec0707cd527d91baa6ec6ef89b0,9bcdc09cd4f51e9a386fa6446a368075ab1d3826daeb74ee9df2f61d9206b422,cb4f5029590dca2f2b697e7d2ab363f221720b20180523c5e37fba2520d39ed6,100.0,57523.0,99.0,101.0,99.0,99.0,99.0,100.0,101.0,101.0,101.0
c25061a98a0cdeaa3641a41d0562fb7132b16aa357d5294d9a60db667fdab169,452b081762a85e5b64ed76ae449f8fcb4995a335d76d69c2ca376154fc167483,c9f6e8187913cd6e2d668a249f4167041b6376b05b04ecf226401ae993617e57,100.0,57523.0,99.0,101.0,99.0,99.0,99.0,100.0,101.0,101.0,101.0
edfecd92a50a0675d4f74b6fd763848b70c3cbaf2287b454bc1da9ce8d855759,f641fb42baa41e13abc542a808f19a2c4109d6f8ff9877272824e62b9b9eb08e,a458ee86b9c4d6abafbe0f267b89b51e15cf32c581b8a846c06035dfbac57b05,100.0,57523.0,99.0,101.0,99.0,99.0,99.0,100.0,101.0,101.0,101.0
d49a91b96452c8102c4d2f18647f0503f5bd78c8d9110c60795654c58fbc4fea,8e2c2c8497cab91ae22f6d3fc74a5a749130445d0548e8f45368f3fa31b5a5f8,b3543c1d08ef66ff13e0df698e0e9615e4a497ace232c3715779151427fe15d5,100.0,57523.0,99.0,101.0,99.0,99.0,99.0,100.0,101.0,101.0,101.0
251894bf18c7a2b4fc1d90ab21a756a99571b3c7979156e9e7fdbd6a078d67f8,ecfa3d236eee2324a4d8d5cab3426536b17d24489a41903f482ef0f8734c89d7,a4ad836a565671bd4e7ce5e70d62c14a6712d2eb77b86b452c2e82592dc63367,100.0,57523.0,99.0,101.0,99.0,99.0,99.0,100.0,101.0,101.0,101.0
79ed09dc514b430b7a440f405147ce153c4fcd687e8107ea83eda40e4cd0d604,375444c8e9740af42002573e73ee3ba4963e43182bdace1156011f99adff1be3,b2b015b52e674b908b7f7333706efd5b9532a4ee853d95ce6e9b0bedb66c8d8f,100.0,57523.0,99.0,101.0,99.0,99.0,99.0,100.0,101.0,101.0,101.0
8a15f92bc1e42b1d69d8dc76ebefef036a8d34ad521747214c04a1094ee0732b,427347d47cf6db4f74aadbe255f0719338034a2d4e2463029d9066f073390160,3558cbea7e08b877d4e4055690ff0fb429e77bcdc214e45364072e440b14af65,100.0,57523.0,99.0,101.0,99.0,99.0,99.0,100.0,101.0,101.0,101.0
d88a27df3d4c5813aed3679840123897591444d276e112e304f3c32fa91c74f1,2b9f408988d9c059ac1dc4d28805bf82c4ad2fd16e16692e305aa234447b2c3c,12a1c3ef1fc24b7ab3fca0c2418014f4c6d37dce507d595341fda219e32131e2,100.0,57523.0,99.0,101.0,99.0,99.0,99.0,100.0,101.0,101.0,101.0
fce3df39cc253427e6ae74f2fc7bc9db2c0433024274915d80d602380d8e04a6,7051fa9c1b5e09d7905b7c6e2d996998107c0bc48c91bb0f859ebed0b000a97a,0c254329b5f49e169e0f2a3d1061f8faff1bdfa50a86be3b574d6e0d1f6eee14,100.0,57523.0,99.0,101.0,99.0,99.0,99.0,100.0,101.0,101.0,101.0
fce3df39cc253427e6ae74f2fc7bc9db2c0433024274915d80d602380d8e04a6,7051fa9c1b5e09d7905b7c6e2d996998107c0bc48c91bb0f859ebed0b000a97a,c924118da1a6de0063acf9cf172b2325a65fe87e0466ddcb5f964edfaad4bfb8,100.0,57523.0,99.0,101.0,99.0,99.0,99.0,100.0,101.0,101.0,101.0
0c9829ac2082a564a19d0ef920cfd576aa050fd693a34c2bfb695f64a4816255,b6ee2c3328157033a45d6ec555d27485f6d34917829ea3845a75422bcaf5d973,7c56374fdc9052612ffcf0a8391ad64c96cd82394e9052b0b1035001ec0686d9,100.0,57523.0,99.0,101.0,99.0,99.0,99.0,100.0,101.0,101.0,101.0
9d9ac8cb9d68c851f377ba00dd7f0d2cf01d299aaa305aefd015ff17d9c4b5e1,4df40acb6e6d5b5b10810bc99877253165c64a8a07e49853154cee0c37c7bdd3,05a4f1f8ef32749f747efa912c7508a9df9df22bb5b85566c041739933a622fb,100.0,57523.0,99.0,101.0,99.0,99.0,99.0,100.0,101.0,101.0,101.0
e8e56ba84498ec7e4acecfbd824587a399e47592cf9388a45419712de931a3a3,66304569269ba87c82d25854774f7847179f95d8897e07455f383f8c3df7ffbb,8c3ba8c34904b078ed64a795ea6348c1392852d2e18ea089aa1aa004b9a2c20a,100.0,57523.0,99.0,101.0,99.0,99.0,99.0,100.0,101.0,101.0,101.0
d27faf5a98d40a6ba2ff08c0063b11ef34993c5f29d2f8d69647d043c3b4b26f,5d09e27dfc4fb33e20bb4a01737ed8148314936daf691d3574e528dffdba797e,4cd72352e1dce1401011a52a6df4bcab4d3d3f6bfed28f7bddff264335575e01,100.0,57523.0,99.0,101.0,99.0,99.0,99.0,100.0,101.0,101.0,101.0
fbb5f367c581476a53a186c0b542d146073bed7a0d84567b10077bc3354a3cf0,ed41bf82dc3ad660ebde799fa9a845e193bd32584d895f5b5a76609211485c38,8e1c086aee554e25a173030d11cbcd0596d3a1ed498a156e1d3fbb6eade79d4b,100.0,57523.0,99.0,101.0,99.0,99.0,99.0,100.0,101.0,101.0,101.0
dd8f6d548246e9a0cc97a8ded96b56edca5a6be65906ef57efb834ec21fbdc87,bbb6e44d7605cc575b5ccdeb73da76d2ad173c27d39171a96ace8d68517f515f,56269cca8f91ba39bab62d264e7e744db6327a66296859fe14a40fb9272bf1ab,100.0,57523.0,99.0,101.0,99.0,99.0,99.0,100.0,101.0,101.0,101.0
f508882d3b92dbe644ec08ec0d9ba0e48f6624cc576059e298c7739b26259983,ef87b5b74ced4ca6f57b53a414bb60e9b7246f9d83f1c19754286e9cf6101cf8,3a3e94d17f9d5e69dedb72112a15b0b7b8fbe1dc7a38bd7f8e9abd8845ce4bc4,100.0,57523.0,99.0,101.0,99.0,99.0,99.0,100.0,101.0,101.0,101.0
720ebad103f840c6ccc63e41860326273d810f6cf50a17823054d4c54d298814,bfb05c541e0d1cb9cbcd2482983372ce6d3542daafa3a08be635334cf9c58919,203cbe3ca01050159dd2199214798e07ff72e1e58a02b01dc2bc76dcbb2abb1b,100.0,57523.0,99.0,101.0,99.0,99.0,99.0,100.0,101.0,101.0,101.0
6e4389256ae77dd0ce1e842be2dd47a2ecea633f4396b8a3487a297a1cd2aa4d,7a5b55240308dfffe427feb8497e3e9dee0385e88ac12d57359d51a7b389ee32,95d106b40c72430417560117ea062ba1456c0862c76cb90273b67e03068ba141,100.0,57523.0,99.0,101.0,99.0,99.0,99.0,100.0,101.0,101.0,101.0
75332cfa303ef7f7367c7f8f9aa7c9f5bc446fc04993a26b1e67311378690cc2,5a65d31612d1081353bfce359690d9e58e5c78032f4d1d2895092fba6ee9983a,9a060be202faaff1529a7c47e4ceb52309e58c2973bf2d813338113be88dce58,100.0,57523.0,99.0,101.0,99.0,99.0,99.0,100.0,101.0,101.0,101.0
426bb2ee80d370940aee9f2545ecc83dfd4cb86d3f2794245e29d182f55b6624,6c6d38b47e6363b7d2727aaee904920930f6cc5c9d6e69ef507bd1887ca22f29,80b613da9d45d3cc6dec16f716b1ff382512bb91354564245b5f22bc3e45c03c,100.0,57523.0,99.0,101.0,99.0,99.0,99.0,100.0,101.0,101.0,101.0
85d593148f30200455e483fc5f4957e2b778bb5227a9daba3b7a44e591051967,f120311511a4af60d3844ff0307bda8960e495fc5951e5ef9e8d1280f45196c3,23e6eb269f4b8f405d773bd5e2ea24df2a6685287cd123c1a23717f85c9fd58e,100.0,57523.0,99.0,101.0,99.0,99.0,99.0,100.0,101.0,101.0,101.0
3255dc71d02271f80871546e54244d8963f25c45000d50c12ab37bcde22bf13b,e9e104a448c11013b250fefdcf71f90f434ea837d31c92dbb39b59bc836e7842,09aec0fe39f84b7bc95f66961f96d71389af9584fab1d051093609cbb51c701f,100.0,57523.0,99.0,101.0,99.0,99.0,99.0,100.0,101.0,101.0,101.0
